<!DOCTYPE mapper
        PUBLIC "-//mybatis.org//DTD Mapper 3.0//EN"
        "http://mybatis.org/dtd/mybatis-3-mapper.dtd">
<mapper namespace="com.example.dao.IItemDao">
<resultMap id="ItemResultMap" type="com.example.entity.Item">
    <result property="itemID" column="itemID"/>
    <result property="itemName" column="itemName"/>
    <result property="stock" column="stock"/>
    <result property="price" column="price"/>
    <result property="consumption" column="consumption"/>
    <result property="postdate" column="postdate"/>
    <result property="period" column="period"/>
    <result property="fee" column="fee"/>
    <result property="period_class" column="period_class"/>
    <result property="consumption_class" column="consumption_class"/>
    <result property="price_class" column="price_class"/>
    <result property="general_class" column="general_class"/>
    <result property="evaluation" column="evaluation"/>
    <result property="classification" column="classification"/>
    <result property="stock_safe" column="stock_safe"/>

</resultMap>
<!--    查询出库-->
    <select id="findExportAll" resultMap="ItemResultMap">
        select * from export
    </select>
    <select id="findExportByItemID" resultMap="ItemResultMap">
        select *
        from export
        where itemID like #{itemID}
    </select>
<!--    查询分级-->
    <select id="findClassAll" resultMap="ItemResultMap">
        select * from classification
    </select>
    <select id="findClassByItemID" resultMap="ItemResultMap">
        select *
        from classification
        where itemID like #{itemID}
    </select>
    <select id="findClassByClassification" resultMap="ItemResultMap">
        select *
        from classification
        where classification = #{classification}
    </select>
<!--    需求预测-->
    <select id="findNeedAll" resultMap="ItemResultMap">
        select * from quota
    </select>
    <select id="findNeedByItemID" resultMap="ItemResultMap">
        select *
        from quota
        where itemID like #{itemID}
    </select>
<!--    储备定额-->
    <select id="findQuotaAll" resultMap="ItemResultMap">
        select * from quota
    </select>
    <select id="findQuotaByItemID" resultMap="ItemResultMap">
        select *
        from quota
        where itemID like #{itemID}
    </select>
    <select id="findQuotaByStrategy" resultMap="ItemResultMap">
        select *
        from quota
        where strategy = #{strategy}
    </select>
<!--    参数校正-->
    <select id="findCorrect" resultMap="ItemResultMap">
        select itemID,itemName,period,price,fee
        from export
        where itemID = #{itemID}
    </select>
    <update id="updateExport">
        update export
        <set>
            <if test="period != null"> period = #{period} ,</if>
            <if test="price != null"> price = #{price} ,</if>
            <if test="fee != null"> fee = #{fee} ,</if>
        </set>
        where itemID = #{itemID}
    </update>
<!--    库存预警-->
    <select id="findAlertAll" resultMap="ItemResultMap">
        select itemID,itemName,stock,stock_safe
        from quota
        where quota.stock &lt;= quota.stock_safe
    </select>
    <select id="findStock" resultMap="ItemResultMap">
        select itemID,itemName,stock,stock_safe
        from quota
        where itemID = #{itemID}
    </select>
    <update id="updateStock">
        update quota
        <set>
            <if test="stock != null"> stock = #{stock} ,</if>
        </set>
        where itemID = #{itemID}
    </update>
</mapper>