<!DOCTYPE mapper
        PUBLIC "-//mybatis.org//DTD Mapper 3.0//EN"
        "http://mybatis.org/dtd/mybatis-3-mapper.dtd">
<mapper namespace="com.example.dao.IStaffDao">


<!--    通过id查询所有-->
    <select id="findStaffAll" resultType="Staff">
        select * from staff
    </select>

    <select id="findStaffByStaffID" parameterType="String" resultType="Staff">
        select *
        from staff
        where staffID = #{staffID}
    </select>
<!--    更新密码-->
    <update id="updateStaff">
        update staff
        <set>
<!--            <if test="staffName != null">staffName = #{staffName},</if>-->
            <if test="password != null">password = #{password},</if>
            <if test="staffID != null">staffID = #{staffID}</if>
<!--            <if test="ifAdmin != false">ifAdmin= "true"</if>-->
        </set>
        where staffID = #{staffID}
    </update>

</mapper>